{
  "project_info": {
    "project_number": "562756609944",
    "firebase_url": "https://login-in-127b6.firebaseio.com",
    "project_id": "login-in-127b6",
    "storage_bucket": "login-in-127b6.appspot.com"
  },
  "client": [
    {
      "client_info": {
        "mobilesdk_app_id": "1:562756609944:android:2ff33dd168a64ac8da6ded",
        "android_client_info": {
          "package_name": "com.example.practical4_5"
        }
      },
      "oauth_client": [
        {
          "client_id": "562756609944-igih3kgb87ebg3u8dvln5l9c1bjo3qi7.apps.googleusercontent.com",
          "client_type": 3
        }
      ],
      "api_key": [
        {
          "current_key": "AIzaSyAgcwwOgdImlCSn-7u_wheExWp8c7ey9ks"
        }
      ],
      "services": {
        "appinvite_service": {
          "other_platform_oauth_client": [
            {
              "client_id": "562756609944-igih3kgb87ebg3u8dvln5l9c1bjo3qi7.apps.googleusercontent.com",
              "client_type": 3
            }
          ]
        }
      }
    }
  ],
  "configuration_version": "1"
}